"year","F_N","P_N","F_P"
2014,0.00190000000000001,0.00800000000000001,0.7011
2015,0.0108,0.7873,0.00560000000000005
2016,0.0133,0.894,0.00390000000000001
2017,0.00619999999999998,0.757,0.00480000000000003
2018,0.00429999999999997,0.5532,0.0119
2019,0,0.9597,0
2020,0,0.5234,0
2021,0.00439999999999996,0.5711,0.00439999999999996
