"year","F_N","P_N","F_P"
2014,0.000499999999999945,0.00119999999999998,0.8666
2015,0.00649999999999995,0.5189,0.0231
2016,0.000399999999999956,0.5851,0.00109999999999999
2017,0.000399999999999956,0.7607,0.000800000000000023
2018,9.9999999999989e-05,0.0104,0.2334
2019,0,0.0479000000000001,0
2020,0,0.0613,0.0564
2021,0.0106000000000001,0.4066,0.0681
