"year","F_N","P_N","F_P"
2014,0.1042,0.0168,0.9449
2015,0.422,0.032,0.9528
2016,0.8066,0.00249999999999995,0.9993
2017,0.1076,0.7348,0.0881
2018,0.085,0.1912,0.4599
2019,0.00380000000000003,0.1256,0.2049
2020,0.2985,0.0381,0.8951
2021,0.5616,0.9149,0.1874
