"year","F_N","P_N","F_P"
2014,0.000700000000000034,0.00129999999999997,0.8658
2015,0.00519999999999998,0.5073,0.0249
2016,0.000600000000000045,0.5866,0.000700000000000034
2017,9.9999999999989e-05,0.7652,0.000399999999999956
2018,0,0.01,0.23
2019,0,0.0478,0
2020,0,0.0591,0.0533
2021,0.0123,0.4057,0.0673
