"year","F_N","P_N","F_P"
2016,0.0246,0.8201,0.0102
2017,0.00700000000000001,0.5246,0.00939999999999996
2018,0.00760000000000005,0.2191,0.035
2019,0,0.8487,0
2020,0,0.4745,0.000199999999999978
2021,0.00560000000000005,0.4887,0.00660000000000005
